00AA.1,0,5865214,12873758,8052367,1453925,1819974,2483185,4890629
00AI.1,0,11564260,24036835,6002521,2026876,847223,1619888,4607079
02AA.1,0,28104631,41191911,38102340,38114833,29516497,30176731,39284008
02AI.1,0,24884506,38669005,33329295,27269576,10713421,7547942,41765338
03AA.1,0,18331763,30925533,26278929,18196052,4951590,3154405,30312161
03AJ.1,0,17725745,26868402,27195565,18306984,8586175,3533427,38089608
00AA.2,0,6813580,13926555,5571332,1090247,483975,2281516,4992232
00AI.2,0,16783260,32927726,27750567,15722915,601377,2498791,4089397
02AA.2,0,26642174,40994489,41283552,24952608,28291830,25727072,40834876
02AI.2,0,20097972,32594460,30909679,24499788,6651985,19805068,39069021
03AA.2,0,16870569,30452512,24527857,11616412,5990154,4999869,33570903
03AJ.2,0,16763611,28429617,28849733,19925570,7855057,3623518,37490768
00AB.1,0,3071448,14653240,7442447,3048517,1915619,3690848,9775570
00AJ.1,0,20025098,33513840,28579633,21423663,12382085,13190203,32687977
02AB.1,0,20928221,29772052,24582767,16049932,8767588,13795290,30184859
02AJ.1,0,19642009,30481325,29041142,15143901,8407862,7566350,31583615
03AB.1,0,21714616,30869567,30811709,19357525,11017589,10103409,48067821
03AL.1,0,17851712,33081581,30730462,17156172,6638808,7117764,45337510
00AB.2,0,4074142,17680750,10431993,3375490,1583156,2855264,16108795
00AJ.2,0,18060855,31121611,29605549,18725776,12528228,26139836,24439373
02AB.2,0,18065104,24802816,26369388,13928746,6817830,22636932,27431620
02AJ.2,0,18203204,28243696,28814652,15525963,3118911,18573589,35566341
03AB.2,0,20009103,33681847,31512944,22897650,10435715,7124623,51505370
03AL.2,0,17747581,35249683,31432074,22251579,6740729,6036712,36519612
00AC.1,0,4044340,13962785,13387203,6385940,2461337,8701136,19100634
00AK.1,0,23576294,27974088,11581993,3240040,2059060,654102,10811833
02AC.1,0,21803067,30715364,30055927,19319910,21585690,17752318,35854190
02AK.1,0,22835449,31869548,29488510,16851214,16054671,7872625,40591986
03AC.1,0,23908157,31494653,30113471,19098086,15690615,6978857,40568706
03AM.1,0,21256821,36377408,37166447,22323354,23881363,9822517,45356603
00AC.2,0,4136268,13403966,7584813,2794797,2167578,2993047,13825787
00AK.2,0,17988570,22633930,8812316,2820903,3482133,3432275,6132074
02AC.2,0,21025185,28170217,27610695,18082167,19067820,16282202,34074000
02AK.2,0,22925608,30944585,30638327,20756682,17161957,14553269,41934626
03AC.2,0,20034775,29541100,26783438,17615602,11940869,4694713,31486228
03AM.2,0,21275688,38667303,36992991,26405597,17865119,7564141,46629316
00AD.1,0,6402574,17518469,9155555,3860869,1836832,5686897,10774856
00AL.1,0,16157120,28310431,17447325,3573361,2666790,1735766,9305569
02AD.1,0,18489441,30188793,26546626,14234695,20253043,28318747,40186286
02AL.1,0,27459513,41925075,39380372,26549538,26753437,22857702,39206963
03AD.1,0,19657467,29863137,29552440,13873127,8245480,4533258,41295543
03AN.1,0,25297432,43603274,40732917,19107473,26234359,10905829,51179104
00AD.2,0,6775754,13233380,5899323,2249639,2491051,2009476,7567493
00AL.2,0,11886200,12682172,4215224,1021636,2141778,4620401,10934262
02AD.2,0,16418807,29272857,30214695,18119626,16899339,30077594,39219523
02AL.2,0,24817151,37383706,36751319,29145773,24871265,16589814,37660767
03AD.2,0,19887515,30005735,27207943,17531003,8308288,4006736,38735150
03AN.2,0,24025267,40932206,36627596,32432034,19413175,4514392,48989441
00AE.1,0,11903800,20928662,11816498,8489223,14362933,3808291,24135128
00AM.1,0,10338076,21845269,9447405,2219275,1622869,1755541,8920531
02AE.1,0,17778464,25744856,22419480,15564757,15593027,11419746,23741643
02AM.1,0,23412175,32334174,30929028,22241641,24233180,13883557,43211712
03AE.1,0,21291664,25822646,24225171,12916846,11404466,11013700,27685816
03AO.1,0,21159039,36965977,31279537,18928395,16645489,8008403,44125278
00AE.2,0,10966239,19669384,10824349,3965746,9371606,5279141,18045405
00AM.2,0,16253353,22587573,9578987,1700397,627453,702185,4496571
02AE.2,0,17785326,23445067,20662123,12729784,8437908,12373376,24828084
02AM.2,0,23346929,32552809,29528620,21197234,16687175,9464405,38693547
03AE.2,0,19160341,30533968,25150231,15210908,9098789,3981194,36291975
03AO.2,0,18254527,29669647,27053039,17734230,12389118,5871708,39469134
00AF.1,0,15358512,28437532,25490563,20374403,6364026,1412137,5130970
00AN.1,0,19990377,28657146,26423153,25784962,20547978,10685398,22961348
02AF.1,0,20939035,28870075,27124679,21856327,21437404,14263994,28838252
02AN.1,0,21036009,26308330,21978680,18368477,15053700,12784516,25547425
03AF.1,0,21033541,33499269,32274064,22938242,19193046,12855209,39765444
05AB.1,0,18892567,26452130,20152509,12409252,10477244,7796267,32187998
00AF.2,0,19548576,29587151,28309145,20880570,21954149,5908647,9498795
00AN.2,0,15223813,21944444,7574163,3175343,2973850,2890224,6876234
02AF.2,0,21460311,25881035,27769128,19284943,16999646,12588205,26084328
02AN.2,0,18560937,27125314,24259105,17890480,11742936,9022051,25892512
03AF.2,0,20307417,31861622,31841538,24634419,19453184,12237253,42394652
05AB.2,0,19617285,25071303,20212479,9654966,7054799,3108975,27477524
00AG.1,0,21257249,32608672,27193508,25907577,17237878,13165752,31449962
00AO.1,0,7997096,16064356,6026891,2261647,1244354,2367896,9257991
02AG.1,0,24703600,31759268,26583073,23772223,21929613,17224230,35417722
02AO.1,0,22352828,31927754,29047856,27220087,18006161,16686658,30450669
03AG.1,0,21465030,31611442,31572835,27106727,19262218,14812207,43331444
05AF.1,0,19794115,34826107,31967718,23473123,6402112,2691099,25086081
00AG.2,0,22437788,28725938,25806692,23321464,17910050,12838401,23397112
00AO.2,0,17030532,22084658,19969470,20259260,20144900,17580269,23772368
02AG.2,0,23860935,31270383,30192253,25586392,25233245,20117163,30655330
02AO.2,0,21025330,30660427,28582013,24156668,13481832,15165565,39745436
03AG.2,0,21524138,29877829,33124313,27662850,10213368,8308907,39930207
05AF.2,0,19790252,36196847,33472114,25366359,8882828,3488782,25905997
00AH.1,0,14453540,24724752,14022492,5347796,1961441,1754173,6857169
bk.1,0,-46621,218432,42108,-30077,32647738,-52936,21677489
02AH.1,0,21171136,27009268,28961753,26375281,25233605,14725096,29803331
bk.2,0,-43787,221977,268795,44074,36445588,88833,21124014
03AH.1,0,25236764,41205288,37844590,33517146,18437373,18054252,48130703
bk.3,0,-29594,413715,344465,141266,36838982,98023,22136608
00AH.2,0,13691642,27990624,12752847,4304180,923106,986839,5971155
bk.4,0,33241129,34358688,35032962,36105496,-6912,35686185,36275665
02AH.2,0,20522678,28325581,31146277,26547459,18273330,23272760,31654634
bk.5,0,35660215,36228318,35708664,35130239,41431,34320310,35519434
03AH.2,0,22952463,42521490,37933067,32825318,21993004,12471857,52173624
bk.6,0,37018656,35332994,35178374,34684265,2390,35913505,34124900
00AA.3r,0,4524012,12924366,6889777,3908420,870338,1318283,8275217
00AI .3r,0,16350096,32424085,15608959,6534300,645064,1010637,6768417
02AA.3r,0,23638367,50172639,39716258,35347005,14190746,24423734,37873546
02AI.3r,0,23217455,41064069,35051524,7422113,12035066,7211717,31721118
03AA.3r,0,17302391,29870340,23910653,23201769,5851127,3857097,28795014
03AJ.3r,0,18678140,35858842,28293101,22963989,6212719,2622920,34398874
04AA.1r,0,16756543,31512568,28543543,24983726,3964227,3656510,50594872
04AI.1r,0,19403053,42858802,28923103,33723757,10606877,18417087,48158582
06AD.1r,0,14776703,32271760,27972718,28617897,6380556,10593483,52439177
04AA.2r,0,17399117,37052356,25168302,29651360,3994459,9511014,50142348
04AI.2r,0,25295336,37496108,36689800,38221103,7773444,14549818,55494902
06AD.2r,0,12805032,33858921,33512023,29016350,8221955,17833394,57987704
00AB.3r,0,6446248,17509915,8995109,3946013,453725,7782797,16915852
00AJ.3r,0,16898143,39500079,30462110,13166381,12168975,11617530,13146526
02AB.3r,0,17941913,31382962,21074156,7924240,3326260,15900189,29640348
02AJ.3r,0,18689342,35132087,24358883,10599460,6247066,18415440,34564953
03AB.3r,0,20720997,38113339,30436987,10306529,6732187,4862978,42370312
03AL.3r,0,17115596,36102348,28264442,25962699,8481694,2350012,36085144
04AB.1r,0,16894011,30658828,21530926,7760672,7805342,3097478,21605158
04AJ.1r,0,17312750,34715009,25339136,20510416,6437738,16449568,35591423
06AE.1r,0,12755458,24019053,17751246,13081268,2574859,6362896,20047478
04AB.2r,0,15556637,34739037,24180709,21139370,3267515,17899515,20986651
04AJ.2r,0,18567585,35557099,28852433,25077761,5653166,12962994,37822776
06AE.2r,0,12331858,23474667,18717365,3648083,3169724,6766711,21744666
00AC.3r,0,3200327,14186535,13473767,8276349,3156076,13659741,24301073
00AK.3r,0,15525297,34901438,13573861,4482994,2218513,3028860,11087825
02AC.3r,0,20666049,36333593,24389167,27113346,5662088,14259726,29886813
02AK.3r,0,21479979,35483978,24615866,19180715,7663947,7548635,34403187
03AC.3r,0,18604216,34634075,26949123,26307966,4822875,7209551,25870344
03AM.3r,0,15527639,41978074,29444773,24953026,16954540,6450041,40954020
04AC.1r,0,13620188,30160632,23873260,16436283,7831354,6344738,34539951
04AK.1r,0,20326675,36797307,23087889,18473810,8105229,10187317,35120299
06AF.1r,0,11421269,19430245,12899370,14204097,1943356,4137173,4882261
04AC.2r,0,19090106,26912912,24533783,20299433,4324264,9203618,31237817
04AK.2r,0,21692940,35802879,21571101,16407784,3362620,8435862,43666119
06AF.2r,0,9166137,14953981,11404523,10153134,1506153,1255116,4682508
00AD.3r,0,5297321,15297065,6132282,3067963,1324532,3592389,14360039
00AL.3r,0,7621860,16316420,4211830,1160423,2403626,3650761,5866136
02AD.3r,0,16721631,31245081,23367713,4029347,17160683,27984315,30550946
02AL.3r,0,21250174,46613975,36366019,36881289,19507601,13155012,32178110
03AD.3r,0,20688873,33051699,25266391,24912372,6713477,6989738,30775330
03AN.3r,0,24057624,44855520,31775678,35050630,21821064,9693763,37981070
04AD.1r,0,15312103,34523077,24857521,28874722,7680013,7347105,27437270
04AL.1r,0,15171529,37217754,23041543,25022104,9499616,12017322,22583451
06AG.1r,0,15593979,29198221,19277423,21514631,5066995,4968499,11003861
04AD.2r,0,14495537,38334385,24581581,24014056,8165643,5447884,32359347
04AL.2r,0,21786667,37160722,23377656,22496462,9794114,9699488,26703350
06AG.2r,0,11825303,31053109,20515247,22556944,3983531,3445926,8663957
00AE.3r,0,10290081,27604529,15922660,7690004,3005297,7068527,12677581
00AM.3r,0,9172249,16534594,5169647,2102834,308451,1072835,5838653
02AE.3r,0,19441842,29035643,25148738,17493044,13240691,12115207,18437889
02AM.3r,0,21744524,34196762,32300070,33427162,21341242,13957684,30978142
03AE.3r,0,19868828,31445889,28489806,24921054,12492792,9368713,27603805
03AO.3r,0,22076465,34808270,31057540,29257699,13208933,10212871,33041552
04AE.1r,0,23546189,28834567,24188624,24174207,15931316,17199051,36522404
04AM.1r,0,19312360,31118225,22819561,20511890,11173220,11842873,29935913
06AH.1r,0,19548420,24960490,15945794,13877934,9337232,16028698,32484652
04AE.2r,0,20555309,32543875,22868207,25043864,15668983,20533930,34191356
04AM.2r,0,16829689,34490928,27124942,20566978,8478835,7659473,33790053
06AH.2r,0,18803650,31618695,22258349,16627855,9187877,10750183,33383172
00AF.3r,0,14630042,28367741,22136539,18074844,8132109,5335096,10918184
00AN.3r,0,17254531,29566803,10340833,3922994,2397514,2604114,6528108
02AF.3r,0,19073561,28483391,26693317,24557150,18750811,21752525,22555759
02AN.3r,0,19755208,28783689,25913531,29766429,13872231,13814849,20329428
03AF.3r,0,20765599,35175729,35932569,38314495,19491280,13281846,34264325
05AB.3r,0,18415305,26819518,15160461,14066230,6546053,8387748,24582082
04AF.1r,0,20070531,38220764,20613896,24092954,13605019,20128074,35875557
04AN.1r,0,18292811,32416158,25823636,27970736,14646169,14507024,29231014
06AO.1r,0,22490708,37732051,35329238,36628884,11054344,3999199,26745642
04AF.2r,0,18705567,38199627,22445373,20545419,14085970,22862305,32831432
04AN.2r,0,18207509,30020328,27176290,28267218,9739201,9861694,28885530
06AO.2r,0,20522744,37374588,32821466,35149273,9036787,2290484,25881700
00AG.3r,0,19375964,34028971,28541394,35948908,20306665,17083162,23450295
00AO.3r,0,18385568,33578043,25416000,24665841,19130691,14913569,28045937
02AG.3r,0,23082178,35272835,17901800,29727315,18302570,15520516,26814194
02AO.3r,0,21741402,32570072,19344054,26390224,15751206,15328803,25765546
03AG.3r,0,19200278,34146472,33594291,37505483,16107242,16028624,32496127
05AF.3r,0,20438325,34591239,19026401,24353292,6910843,3806688,30463618
04AG.1r,0,16220467,28680653,25236088,26871891,10711314,20141191,27823181
04AO.1r,0,22335650,35666959,31661427,26150479,10298726,12576514,36366252
bk.12r,0,-18103,536350,196743,351847,53880,91966,876220
04AG.2r,0,16760115,29865977,26085468,21257554,11116965,26190362,26499606
04AO.2r,0,22152596,36351137,31194180,41071987,11021531,6050469,40507894
bk.14r,0,-47121,546306,179587,1144765,-34952,-19795,901461
00AH.3r,0,14280292,37034604,30248668,34749885,16916161,17437221,26919488
bk.7r,0,35268461,39942851,34745366,33771257,32632726,34309489,71950049
02AH.3r,0,20660024,33824534,28093045,34401373,18561618,18726809,21817445
bk.8r,0,35618245,36469029,35602154,34774047,36037370,35791030,69725206
03AH.3r,0,22281647,45619292,37274759,48112169,18545309,19098736,45614643
bk.9r,0,35017261,29492087,35556447,37358663,37233872,35803448,70382558
04AH.1r,0,16683248,29999549,26268188,29897797,16760300,16312852,24583831
bk.10r,0,-39948,277983,194485,455620,48694,83826,18470684
bk.11r,0,-27243,15226,-8587,153896,-24672,-24007,19988189
04AH.2r,0,17028320,28441446,22419404,27063859,13493461,21610215,28225655
bk.13r,0,-39853,319300,136397,497344,-9859,121972,17822376
bk.15r,0,-43650,-502,-18001,4526824,-23643,-9003,18254486
04AA.3,0,19063869,24668568,27908458,19062411,8794420,5818929,
04AI.3,0,22350536,34116860,39382885,14319061,12965243,8034025,
06AD.3,0,19144028,23073246,30524657,22546359,10472967,7900867,
07AA.1,0,10917120,17749286,17351484,7380510,4107187,4593008,
07AA.2,0,12182263,18609661,23970052,11316026,2961182,5558199,
07AA.3,0,11184747,17841408,22047225,6708142,3983912,2339988,
09AF.1,0,15593105,17706780,20304617,8750874,1875961,1823296,
09AF.3,0,17298005,18812409,20557358,4831503,2624607,1435985,
NA1,0,0,0,0,0,0,0,0
NA9,0,0,0,0,0,0,0,0
NA17,0,0,0,0,0,0,0,0
NA25,0,0,0,0,0,0,0,0
04AB.3,0,18048239,28135281,25044250,16521528,7240528,13607292,
04AJ.3,0,19792201,31278464,33618064,4144287,6350479,10027744,
06AE.3,0,13652358,17667892,20182469,9737251,3605469,2602251,
07AI.1,0,9264579,11788085,13157779,1410570,3931677,1246493,
07AI.2,0,7220830,12374241,12850585,2815399,762479,2998261,
07AI.3,0,7231460,12464635,10064786,1730790,687746,1155981,
09AN.1,0,2487546,1999674,3907169,754393,458184,1576723,
09AN.3,0,2759579,3250469,2685401,818864,1061199,1357860,
NA2,0,0,0,0,0,0,0,0
NA10,0,0,0,0,0,0,0,0
NA18,0,0,0,0,0,0,0,0
NA26,0,0,0,0,0,0,0,0
04AC.3,0,16994673,25924771,27835204,15120165,5275989,15112736,
04AK.3,0,22880140,32468442,28498399,10131996,6259053,4212429,
06AF.3,0,8819223,12942405,19114665,5613834,1302249,2487847,
07AJ.1,0,4670567,11530445,21462414,2434686,2909242,949571,
07AJ.2,0,5131096,9140713,14587723,5632815,1500407,1457452,
07AJ.3,0,4969826,9782144,13016700,2713801,1390881,1716359,
09AU.1,0,15558148,9340641,5653920,1146242,-313532,208292,
09AU.3,0,15760440,9610191,7131491,1500559,249853,398097,
NA3,0,0,0,0,0,0,0,0
NA11,0,0,0,0,0,0,0,0
NA19,0,0,0,0,0,0,0,0
NA27,0,0,0,0,0,0,0,0
04AD.3,0,18270003,28944007,42159587,22626954,10956133,4426894,
04AL.3,0,24529342,29321675,20284921,9310090,6401903,12185968,
06AG.3,0,13450817,23790414,20495326,10045200,6234397,3727468,
08AJ.1,0,15969559,16063450,10629080,2927972,1124231,322511,
08AJ.2,0,16762567,17879513,9905441,2959294,1879707,-68412,
08AJ.3,0,15939162,13177665,9611780,2034744,45993,-535456,
09AF.2,0,15340167,17345536,13427715,3785047,3791117,1383924,
bk.21,0,35159986,150185,90156,86624,34964924,39133989,
NA4,0,0,0,0,0,0,0,0
NA12,0,0,0,0,0,0,0,0
NA20,0,0,0,0,0,0,0,0
NA28,0,0,0,0,0,0,0,0
04AE.3,0,19613547,32248322,23947796,13853873,14381224,25398506,
04AM.3,0,17547702,27649103,24424350,8821218,8727637,11158648,
06AH.3,0,15720379,28297364,19471666,7303036,5418427,26196306,
08AL.1,0,2904040,6401921,9629616,3012261,3758985,2297018,
08AL.2,0,3639495,5174550,8115132,3765365,3656268,1242229,
08AL.3,0,2699745,6050841,10206735,3373488,3608619,908446,
09AN.2,0,1502573,1904300,554717,816772,458315,618746,
bk.22,0,35337280,-12315,34679252,-34996,35464282,34188809,
NA5,0,0,0,0,0,0,0,0
NA13,0,0,0,0,0,0,0,0
NA21,0,0,0,0,0,0,0,0
NA29,0,0,0,0,0,0,0,0
04AF.3,0,21817255,31407416,21285742,11287444,11838163,14525338,
04AN.3,0,18391543,34689898,27295968,10659332,11694654,13888851,
06AO.3,0,29857012,38497055,35012388,24659263,8656548,3936969,
08AN.1,0,18369912,22419194,15995922,9488375,7654560,9620830,
08AN.2,0,15688901,22907480,16985042,7119471,9877699,6659669,
08AN.3,0,23865235,21002701,17347941,7503528,9617001,8185559,
09AU.2,0,16727058,9054106,4407085,1187474,-102150,-120960,
bk.23,0,35481195,34860405,34821593,34868182,35549255,32655663,
NA6,0,0,0,0,0,0,0,0
NA14,0,0,0,0,0,0,0,0
NA22,0,0,0,0,0,0,0,0
NA30,0,0,0,0,0,0,0,0
04AG.3,0,13732128,29343744,25991330,15321699,11892503,7312247,
04AO.3,0,24114114,37195184,28752904,20421661,11188270,11187907,
bk.17,0,-28523,445527,254835,226685,51297,324184,
08AS.1,0,16733791,12595718,8338404,5749672,2683739,1867770,
08AS.2,0,16259039,13985824,8553239,4863956,3750914,1642059,
08AS.3,0,16668092,13183424,8617547,5986880,3152428,1413759,
bk.19,0,-43543,107664,58956,52143,-30537,210435,
bk.24,0,-51190,34324660,35836869,35976234,-39868,194701,
NA7,0,0,0,0,0,0,0,0
NA15,0,0,0,0,0,0,0,0
NA23,0,0,0,0,0,0,0,0
NA31,0,0,0,0,0,0,0,0
04AH.3,0,18889833,33114311,22177989,18511784,18184351,2305114,
bk.16,0,-56603,348724,154711,138788,22066,188937,
bk.18,0,-22757,262259,-19692,-32164,-19853,239522,
09AC.1,0,21952903,26248280,22003347,11809515,2475354,-89695,
09AC.2,0,21248841,27355421,21977320,8061747,4930802,-642508,
09AC.3,0,22623562,26959048,21772697,9959109,938448,-34472,
bk.20,0,-43543,209846,125418,77742,-33629,222990,
bk.25,0,-29275,36810321,169419,35150969,-26045,249431,
NA8,0,0,0,0,0,0,0,0
NA16,0,0,0,0,0,0,0,0
NA24,0,0,0,0,0,0,0,0
NA32,0,0,0,0,0,0,0,0
03AI.1r,0,22683536,30893900,8069453,8977727,12229113,15505086,40766209
05AI.1r,0,17066372,22914535,15330183,6257894,6303977,2213416,23044413
06AA.1r,0,24287950,36254310,32823902,8618790,22242693,10957545,36402373
06AN.1r,0,16407496,28257361,22376727,2770710,7239009,213523,18542254
03AI.2r,0,23192366,32516421,27903888,5505061,9167407,6728933,45254277
05AI.2r,0,16332130,21290336,16661712,5448597,5928590,1311859,21764365
06AA.2r,0,23639285,39297694,31166195,6885466,19172782,12391753,37718960
06AN.2r,0,17396069,31283691,23798762,5463041,9271697,-55065,17023341
03AI.3r,0,23173490,33252516,28461373,6581651,12045274,3042300,38170968
05AI.3r,0,18657125,22875164,15651915,5131151,4111613,1852634,18953209
06AA.3r,0,21678528,36609167,29489134,7587128,15997634,8977467,34592579
06AN.3r,0,17332588,32778538,23050974,5175909,5121688,326144,17096946
03AK.1r,0,19545018,27601708,24694637,13028985,14021899,9498026,20192941
05AJ.1r,0,20679907,35334327,25826960,2740573,7993205,7565657,38905445
06AB.1r,0,18516548,34245559,25509526,6689136,5233497,2429665,52165843
07AB.1r,0,14074859,28777357,26697346,7055831,10254239,4977660,35240481
03AK.2r,0,20484163,28256371,25455633,4162306,7516571,13022720,31026067
05AJ.2r,0,16865962,23629550,18603851,4464673,7930790,7150520,46506774
06AB.2r,0,14162741,32991124,25833561,4644801,8372027,4438423,62378462
07AB.2r,0,4600022,14948549,11852248,2413157,1718287,538193,10222771
03AK.3r,0,19263979,25945539,23161215,7082723,10706089,2890665,24115402
05AJ.3r,0,19447164,31898632,19181603,6873308,6829951,8742176,43053355
06AB.3r,0,18162701,35334375,23227084,12735329,7213462,7268421,49927004
07AB.3r,0,4653875,15516950,12044781,3222420,996357,214274,8986410
05AA.1r,0,23180302,23913876,21137013,8195196,9151625,16329421,30596591
05AK.1r,0,26094167,37153485,29347735,9928380,21328033,16479575,34758814
06AC.1r,0,17172123,17984085,10735131,3154097,3219965,1777709,4877141
07AG.1r,0,22767727,31626851,26473650,3586310,1984804,684474,6840888
05AA.2r,0,23403821,25752779,24038587,10191511,6055028,28518835,30128990
05AK.2r,0,24880845,36796794,29085806,14086049,14029182,15774443,38493062
06AC.2r,0,16063056,17515684,10414323,3824757,2929022,674368,5279212
07AG.2r,0,23182944,28039642,23661051,8864819,3049078,221117,4428296
05AA.3r,0,23595403,25473998,23999822,10338625,10343670,8905968,34241447
05AK.3r,0,25732752,40962174,30528342,11004517,9499494,7959918,34599830
06AC.3r,0,16013820,19245945,11073062,4657757,2135956,407127,4844444
07AG.3r,0,23166187,29019875,25285441,3306875,1779567,162749,3264110
05AC.1r,0,25620527,45946044,44400331,30891598,25166192,10186639,46236846
05AL.1r,0,26552484,42510676,35779293,21018759,26654483,2137295,36420478
06AI.1r,0,17752059,21822642,19944823,10745064,5426142,325367,13480163
07AL.1r,0,22761089,27117683,29984903,20645606,15164098,2511921,35624657
05AC.2r,0,29118273,46979392,44660807,33273114,24532444,1536724,54935871
05AL.2r,0,25682284,39735801,35760182,22210803,23875433,876299,48537860
06AI.2r,0,16385968,24732440,18295940,10269882,3344212,520122,10493952
07AL.2r,0,23497748,25449149,25794177,20836366,13921576,2883664,42310044
05AC.3r,0,29870651,42753697,40495338,34048577,30607015,9827862,52571974
05AL.3r,0,27818530,40953285,37628236,19022895,15090928,12137666,43137640
06AI.3r,0,16964323,24040629,17381410,10837653,3022258,1092732,11687203
07AL.3r,0,24056626,27426915,32847243,20515856,7257254,6738578,43087208
05AD.1r,0,31744068,27412393,26138324,13343106,10832887,11079975,36478083
05AM.1r,0,20312693,27697213,20706122,9792555,10358700,18920061,32805307
06AJ.1r,0,26981558,30578335,28499455,12363403,20338339,10101937,25736001
bk.26r,0,-5243248,-2953956,-3213196,-4634301,-4143249,-3861789,31798094
05AD.2r,0,30608815,21546514,24090406,12137676,10097272,7777656,37912969
05AM.2r,0,23341308,35143401,22062982,12420312,18051091,15650889,30446492
06AJ.2r,0,29464823,29930414,27319312,16556917,16916539,8269589,29259455
bk.30r,0,-2752389,-3454552,-3428373,-2759467,-3217540,-3473327,34007400
05AD.3r,0,30205254,23963923,27863518,12922766,15555449,6255423,36646730
05AM.3r,0,23023221,33908147,23115384,13467032,12769505,9629845,33339816
06AJ.3r,0,28177714,29393330,30594587,20017886,13599270,18010650,28581134
bk.34r,0,-1731542,-3318671,-3085609,-2333411,-2366390,-2392063,30621173
05AE.1r,0,17386901,24859425,19293679,10137709,11692284,2294682,19792054
05AN.1r,0,24336693,30409880,27156647,21427579,18721667,11265906,22797686
06AK.1r,0,25859518,29770329,24349803,16610723,14710905,11235061,37339116
bk.27r,0,-7058,288913,233833,35514863,49077,223186,21897066
05AE.2r,0,18962199,23682299,20316221,8605901,16415130,2250333,18478521
05AN.2r,0,24516638,28730368,24503491,13970683,17018758,3277071,20271346
06AK.2r,0,24990144,33395792,25151025,16266144,14677971,4433441,31472158
bk.31r,0,-5446,359922,185853,35440755,55211,188127,20413103
05AE.3r,0,19833189,24677503,21807350,12920763,18750387,3175698,17928740
05AN.3r,0,23990023,29494318,26830616,21133199,14909625,2617020,20362918
06AK.3r,0,26573164,31220407,26813421,23663729,10889659,1389100,31581807
bk.35r,0,-6362,275452,226002,38862548,39156,159517,21405073
05AG.1r,0,23322758,39787497,35798257,28097974,16310170,28476390,41702853
05AO.1r,0,23254005,35767760,21087502,7307016,24912733,18395995,41172725
06AL.1r,0,25846488,39526582,43554897,29568392,34545322,27931320,59090106
bk.28r,0,-7484,386158,434579,958122,201930,442183,1215501
05AG.2r,0,22953042,39996723,34635159,10907443,20016649,20346992,47416982
05AO.2r,0,22741852,36236354,19332524,7152347,20413832,3083666,81783079
06AL.2r,0,26311073,39744666,42236882,37420641,27869341,15213048,52772973
bk.32r,0,-35522,297576,392740,995429,121878,281932,1231782
05AG.3r,0,22573443,40423704,35228646,22549042,19195187,5565583,46307203
05AO.3r,0,37911260,42240157,19806634,10003379,23899224,15003981,113611810
06AL.3r,0,24248212,41037566,41785109,45420484,27253061,6390817,51582651
bk.36r,0,-22766,383095,341768,1099891,122928,230825,1170227
05AH.1r,0,26569913,31388615,23123136,8911415,15293918,22228831,21475439
bk.38r,0,32072593,44576962,33079930,6091937,21494539,9058653,31698088
06AM.1r,0,27106836,30532729,16100930,4174935,13063737,8768300,20877035
bk.29,0,-4956,321879,114536,667722,34215,200435,875689
05AH.2r,0,26581473,31146591,26588260,6426736,16976919,7912821,21287954
bk.39r,0,-12603,331592,218864,757814,49812,229887,984083
06AM.2r,0,25666673,33537097,14062144,3655871,10806800,1148367,19231824
bk.33r,0,-4259,277025,100872,710523,7716,176494,895071
05AH.3r,0,25491760,31720154,22648333,6587310,21108810,1509279,24126183
bk.40r,0,29258,308338,174108,729522,93834,194997,930661
06AM.3r,0,25719972,34130583,16109759,6918706,5819287,2990905,20301903
bk.37r,0,-2015,273720,97955,794131,4702,249834,882125
07AC.1,0,4854891,9935531,13827995,10872764,8387455,7348149,2488588
07AO.1,0,5256672,9016994,11928756,10642617,6376942,6235347,4704987
08AI.1,0,9472632,17181080,20444657,15323742,7136879,4703371,1641777
09AD.1,0,3183894,15204613,17189648,13199011,2679341,9597083,950502
09AT.1,0,6604425,9746748,10592155,8465039,3128056,2267695,1146364
11AM.1,0,528087,567365,1867264,1855427,2176653,683968,475251
07AC.2,0,5573646,8328537,11703558,12225763,6265432,5290957,2196237
07AO.2,0,544876,-5749,4308,-20005,433585,-57060,2652766
08AI.2,0,10042491,14113808,17076808,14106950,5807089,3659534,2125669
09AD.2,0,2603265,12165885,13438747,12585917,4210917,5213045,1235653
09AT.2,0,7198607,9279382,9881209,8204942,2021680,1684444,770483
11AM.2,0,507292,279997,1624793,1869357,1327488,430245,0
07AD.1,0,10756188,27246730,30267638,29069755,28076313,35023106,19866942
08AA.1,0,6439894,23637482,28254028,25274191,16706949,5196690,1029711
08AK.1,0,1860689,3066986,2825661,5198397,974757,2227284,2310009
09AG.1,0,3197915,14184658,14470258,11874390,1309640,2934732,692715
09AV.1,0,3606344,8278941,12551610,11349490,3065806,7965105,3303716
bk.41,0,505870,-13725,-3850,-8697,-53588,-76920,24483
07AD.2,0,10806949,24364683,30117134,30074560,15291091,36209166,20407000
08AA.2,0,499132,154452,144009,122635,8123,79732,3145299
08AK.2,0,6376081,19779202,24407160,20190999,5039883,2856840,2403619
09AG.2,0,4342063,12029083,12375210,10118465,2114593,2854584,1274537
09AV.2,0,4787165,8521329,14429842,12869001,4756233,6661106,4131806
bk.48,0,474014,-8988,48067,-7300,-64795,-84474,0
07AE.1,0,1910330,8939951,7715010,5919013,3362932,3430147,3211546
08AB.1,0,3776386,15020403,22794341,18515846,18343791,13410881,5417864
08AM.1,0,5003646,8705498,9101275,6520190,2223844,6513835,6192668
09AH.1,0,-580935,2612324,7756635,18324616,8853675,12389098,8157040
09AW.1,0,4132850,1373109,3923293,2369468,1708601,8261480,5370339
bk.42,0,417125,-64413,-50553,-68407,-81145,-80278,37444
07AE.2,0,2926310,9125861,7757480,6365968,4732677,4272291,2305689
08AB.2,0,421447,-4090,-7202,-46756,-56224,-73286,6614633
08AM.2,0,5521096,12481226,19147165,18657998,12041856,6070589,2681569
09AH.2,0,718882,2252328,7215227,15219919,9595199,9127053,9025453
09AW.2,0,6181004,2250796,960085,4511439,1693084,4907015,2049341
bk.49,0,418705,-65911,-72632,-51172,-66157,-60696,0
07AF.1,0,6036916,15524530,14103887,12108419,945051,5109688,4009392
08AC.1,0,3178324,9453186,9986265,10479466,1163763,1843057,2464106
08AO.1,0,11507067,24234238,26421867,29301155,19655360,28404935,12669046
09AO.1,0,260570,3094677,3090793,3939205,1883858,10064124,8008704
09AY.1,0,-241997,5651421,5816762,2530340,-94099,2164809,3194264
bk.43,0,444984,15546,1896,-26500,-69145,-58740,20162
07AF.2,0,7303339,21321057,22556220,16967654,2999835,6015337,4594095
08AC.2,0,492768,103561,117580,8226,-65278,-66991,11596130
08AO.2,0,9394280,19382321,20465930,23526254,13672179,21345352,11066153
09AO.2,0,907443,1809058,1732129,3279263,2014287,8670459,6708243
09AY.2,0,224525,5344300,6655773,2179340,405769,2365070,2298488
bk.50,0,427810,-29596,-47010,-40460,-78199,-72026,0
07AH.1,0,2589027,19414140,16018769,18818693,6274610,10220239,5160076
08AD.1,0,2334837,14414091,19671008,21745389,2934834,2355117,2137190
08AP.1,0,3908569,12790374,14901054,10405524,3203456,3730596,828089
09AP.1,0,2515055,17378242,22372396,20840545,6662378,3483323,3227388
10AL.1,0,460786,126395,119651,91014,-7831,248971,167058
bk.44,0,-10956452,-5170759,-3710447,-3814030,-6021780,-3134714,35098024
07AH.2,0,2820617,14930921,17485028,21540261,14501557,7092831,5440907
08AD.2,0,489023,110121,83186,112808,36650,-31465,3032967
08AP.2,0,2131350,13228711,12674554,8776395,1688582,1767684,1202530
09AP.2,0,2324770,11911390,17654589,18354988,5394755,5877719,3961867
10AL.2,0,455586,282629,319094,385270,92206,167986,119533
bk.51,0,411483,1598065,-499625,1232001,315137,1260561,36121975
07AK.1,0,3077422,13519680,11668806,9739255,3552597,5400220,4899408
08AF.1,0,3314462,20062966,16167841,17895622,9522399,14843979,9307724
08AQ.1,0,9834598,23939665,21591837,26582297,24380183,42821592,32582073
09AQ.1,0,1051858,11606737,11548115,10994279,2824824,1572270,1034031
10AN.1,0,2765373,1935373,4250928,6384941,2296776,4542797,1340785
bk.45,0,4077835,1199484,-80322,72616,2159478,-1439318,34933847
07AK.2,0,5542058,12083696,11716840,16545264,2950096,1718042,1949970
08AF.2,0,626297,75870,70271,86030,-23784,15390,29539025
08AQ.2,0,26140610,28115106,26752911,35922429,21828228,34102209,16095175
09AQ.2,0,4248159,9574563,9457425,9969160,1703199,2233008,1008109
10AN.2,0,2271342,1367036,1905618,4954314,921009,5374739,1729626
bk.52,0,3804057,-289867,-1680123,-153664,884089,650395,0
07AM.1,0,920872,7876432,6809304,4012677,879366,663007,479572
08AG.1,0,2126458,1369546,12567526,19543615,10712777,6191292,8570364
08AR.1,0,1388281,5363084,14319497,12945148,8534673,10655916,8615009
09AR.1,0,3101912,13288428,12807203,13380982,4277269,6454529,9620237
10AT.1,0,4360910,10153709,10870034,10652189,1746002,2479040,2076704
bk.46,0,548028,63198,43634,37462721,16580824,8362736,16865659
07AM.2,0,4482891,9230636,4805606,2751830,1507817,620892,302433
08AG.2,0,525904,40728,24499,14953,-16178,-29370,9277480
08AR.2,0,2163165,13120327,14770135,15422887,5013905,10313260,8771986
09AR.2,0,2392287,11472972,11439907,11005577,3532316,3356723,2333052
10AT.2,0,4220533,9735451,9052625,8826000,1108899,2143084,1283178
bk.53,0,536515,36639,12400,36874352,-69979,-59718,0
07AN.1,0,15452801,21273081,22481568,23142131,14462945,13353119,6960270
08AH.1,0,18437748,28648826,35221162,46948608,30399281,43152552,26943865
08AT.1,0,6520754,6055675,10263780,15326342,9342212,10228727,2351774
09AS.1,0,7248064,13097052,25606264,31098709,19489707,13265851,12172192
11AA.1,0,620269,51619,152234,180240,68999,-13562,79209
bk.47,0,488604,-37774,-17713,-20659,-46068,-48251,9369650
07AN.2,0,11866473,19694830,22215637,21464139,12724874,7681599,2206318
08AH.2,0,611824,107570,151627,93694,46761,-10346,18137316
08AT.2,0,19793736,26642967,27804931,35431250,24832682,21438674,16384647
09AS.2,0,5397517,12186369,18100511,25309649,11129259,14155271,9856423
11AA.2,0,583630,48906,48192,89163,-3346,-20976,54726
bk.54,0,572442,-27369,-39925,-19035,-39607,-55524,0
07AC.3,0,6786957,11246942,16213810,11413465,5603953,4264816,4327551.891
07AO.3,0,6396061,10120413,22778834,11362396,3720091,1944510,4179698.607
08AI.3,0,7275139,14539358,21082164,16242215,5925532,3322208,3795848.735
09AD.3,0,4187580,13655407,17800794,14239932,1159362,1546316,9289166.904
09AT.3,0,3939498,7755369,71621,8894784,3198896,1500850,1600796.133
11AM.3,0,658319,578946,13580519,1852907,1331958,688586,855843.0481
09AA.2,0,1833746,1990100,2329533,1518364,1152424,1474696,1927779.357
08AE.1,0,,,2783500,5074872,3252118,13254099,11823619
08AE.2,0,,,1955973,4764549,3283464,10575113,12334731
08AE.3,0,,,1421528,186507,7026143,12410685,13409173
10AI.1,0,,,111277,123816,200613,161404,147162
NA33,,,,,,,,
07AD.3,0,12796922,27916573,25382545,36897198,16254811,36943830,38888257.04
08AA.3,0,10467223,20803981,5220823,27288428,12185367,4988909,5257321.581
08AK.3,0,1781218,3529458,16571071,5171085,589294,2235424,2476542.508
09AG.3,0,4142970,12871819,80738,12684695,987728,1128906,3994882.002
09AV.3,0,2773210,11976574,21825800,12771134,6328859,4392118,7037247.654
09AA.1,0,2096923,1045721,12644353,1362579,655765,1524891,4759738.413
09AM.2,0,7180949,7828252,7382558,5950880,550117,1280710,5882854.706
09AB.1,0,,,4907172,8281539,19225897,33516604,34121077
09AB.2,0,,,9952266,18421879,20927970,29244151,29956226
09AB.3,0,,,12790621,3219205,26158003,29877107,32076629
10AE.1,0,,,4966729,4317873,4393103,865567,10516564
NA34,,,,,,,,
07AE.3,0,4093717,8596159,10688943,7302710,1857341,3776181,4765425.078
08AB.3,0,4829238,14128583,15804359,16490109,7590662,5368384,6997441.001
08AM.3,0,5267446,8375342,12386124,8920965,1504564,2820985,7611600.796
09AH.3,0,2478611,5253048,9076375,21107873,11282216,12486821,27611600.8
09AW.3,0,4081120,4466933,11563687,2085419,2071753,3505188,11956212.68
09AM.1,0,11683946,8424853,15140382,2435302,640719,1849156,5282911.572
09AX.2,0,4954347,10683972,27787643,9423335,1487999,448753,4643161.786
09AE.1,0,,,423167,548550,651991,2158380,1637774
09AE.2,0,,,315024,463917,673933,1106091,826008
09AE.3,0,,,496830,5054497,78364,91779,56966
10AE.2,0,,,4590581,3637671,12369021,613967,8804418
NA35,,,,,,,,
07AF.3,0,13709833,14977510,3723870,16989494,2302534,3552285,9727040.091
08AC.3,0,4400192,18382465,-12024,21178631,5302173,2061415,1248222.917
08AO.3,0,14457928,26235317,18778897,31468167,28775889,30535605,35570088.14
09AO.3,0,745375,3348873,40526354,5630453,4103140,10350123,14700028.43
09AY.3,0,934911,6531308,23591299,3481928,3686135,3112846,6377594.541
09AX.1,0,4434242,9322846,25222385,9296976,1728188,416160,3889678.703
10AQ.2,0,7419089,20840667,15331145,30153627,12863892,27288610,39385840.2
09AI.1,0,,,192776,81499,87768,128174,56966
09AI.2,0,,,87768,79932,84633,136086,71208
09AI.3,0,,,111277,100306,94037,83867,80702
10AI.2,0,,,108143,78364,95604,83867,80702
NA36,,,,,,,,
07AH.3,0,5316801,11699822,14127,24919505,10562024,11276465,13832812.06
08AD.3,0,2150786,14734414,38719090,22567311,1996627,1011422,6107477.964
08AP.3,0,5304120,13463746,9399449,11074068,2468887,2373767,2456639.181
09AP.3,0,5176456,19453632,15372286,23493577,8275340,4362326,7767984.077
10AL.3,0,710497,2659617,20966328,3731436,1226736,279557,1828262.724
10AQ.1,0,11817483,23020812,28822212,29365893,17592771,30215377,40895649.7
09AA.3,0,3714223,7092205,14932631,6537146,1688745,1013872,2638612.454
09AJ.1,0,,,11157509,9875469,3180023,4380056,3900592
09AJ.2,0,,,16056845,5303696,3339886,3220164,3978129
09AJ.3,0,,,7052787,122248,4189355,2500176,3171110
10AI.3,0,,,128517,78364,134787,88614,88614
NA37,,,,,,,,
07AK.3,0,4760711,12510811,48606337,15859773,3991337,3958166,3602502.132
08AF.3,0,7746859,19177356,16590215,18840552,8352433,17490787,25553028.15
08AQ.3,0,15058617,30023823,47642365,28732377,23523771,43313950,44310491.9
09AQ.3,0,6315347,9700893,8831709,9931967,2895252,873574,4304805.232
10AN.3,0,4343360,5507653,15683506,1632473,628213,1328564,6724481.092
bk.55,0,460029,-73302,19649140,-89113,-120595,-119237,68239.97725
09AM.3,0,7873623,9498935,16693913,4109638,1182549,603760,2394085.869
09AK.1,0,,,12579037,16373437,17117897,18360472,20463468
09AK.2,0,,,6225260,11804798,20984392,15222592,17521805
09AK.3,0,,,5899264,5527818,22871404,20984075,153492
10AE.3,0,,,5223764,3752083,13730992,811766,7970499
NA38,,,,,,,,
07AM.3,0,5661153,8934961,54652964,5544113,2602287,3029883,3357975.547
08AG.3,0,2161276,2164246,11819464,17059052,16423108,7679652,11754336.08
08AR.3,0,2606823,11883799,48444342,14081723,7714764,21204251,23352288.88
09AR.3,0,5635159,11917272,28178063,14714635,2666705,1905575,5837361.388
10AT.3,0,6025158,10609549,49309803,11575033,2489989,1460473,4646005.118
bk.56,0,450935,-52800,12256438,-18215,-129905,-127889,34119.98863
09AX.3,0,4082237,10631271,48922570,8842722,899114,254705,1234006.255
09AL.1,0,,,19086409,21492193,17674284,4802554,590231
09AL.2,0,,,15705773,18338813,12307897,80702,1735882
09AL.3,0,,,21568990,211584,16440830,10393138,2258071
bk.58,0,,,249198,89335,191209,106020,35997792
NA39,,,,,,,,
07AN.3,0,20046008,20943737,46203012,22583051,8946928,17344146,11600796.13
08AH.3,0,3794444,32036993,37641610,46223045,25520548,43321208,45100938.3
08AT.3,0,8996149,7615228,49466268,11192785,8739731,6792249,8501563.833
09AS.3,0,533012,21306700,-138462,26993866,16683783,28498879,13775945.41
11AA.3,0,506683,103350,-73846,161967,16596,35749,82456.63918
bk.57,0,5610117,-49173,-78462,66416,-53191,-52505,28433.32386
10AQ.3,0,-341538,19869107,-341538,27026603,10848021,41173161,48092123.97
10AC.1,0,,,90903,441975,431004,299072,66460
10AC.2,0,,,89335,112845,2675357,99691,79120
10AC.3,0,,,125383,92470,111277,77537,68043
bk.59,0,,,34249900,36196470,35707476,49054,34771439
NA40,,,,,,,,
